travel_id,passenger_name,email,gender,contact_no,amount
2020-56931,Gonzales Dirr,gdirr0@over-blog.com,M,4579856115,$34.19
2020-62615,Onida Yankishin,oyankishin1@icq.com,F,2544734800,$3.03
2020-37209,Shurlock Glanert,sglanert2@netscape.com,M,5944397676,$30.63
2020-45534,Ferd Puve,fpuve3@eventbrite.com,M,6582134387,$74.20
2020-91177,Fayth Goodban,fgoodban4@angelfire.com,F,4699907430,$29.49
2020-15151,Eveline Draayer,edraayer5@nytimes.com,F,9136913582,$92.14
2020-56655,Yard Bradford,ybradford6@skype.com,M,7155797607,$77.39
2020-15230,Leonard Labden,llabden7@canalblog.com,M,8267589041,$13.25
2020-01731,Sayres Starton,sstarton8@reddit.com,M,4958851839,$69.51
2020-07384,Erskine Godley,egodley9@themeforest.net,M,9442910492,$93.10
2020-61517,Thorsten Limrick,tlimricka@time.com,M,9449512824,$4.30
2020-88396,Harbert Vlasyuk,hvlasyukb@geocities.com,M,6079392622,$33.06
2020-28318,Gennifer De Haven,gdec@earthlink.net,F,8854662292,$54.30
2020-53533,Giles Calkin,gcalkind@123-reg.co.uk,M,5558713851,$24.62
2020-42469,Sigismond Tookey,stookeye@loc.gov,M,7873232918,$76.86
2020-82043,Dori Peto,dpetof@aol.com,F,7784687306,$74.14
2020-20911,Wittie Beveredge,wbeveredgeg@technorati.com,M,2902526916,$13.69
2020-61886,Yardley Feaver,yfeaverh@wisc.edu,M,8088126594,$46.49
2020-70048,Suzanna Oneal,soneali@sfgate.com,F,7312793459,$75.99
2020-15498,Viva Campes,vcampesj@ehow.com,F,1468066634,$53.88
2020-62255,Celinda Pindell,cpindellk@stumbleupon.com,F,9866765835,$87.90
2020-24511,Vin Nanetti,vnanettil@list-manage.com,F,5355010097,$43.97
2020-92432,Filberto Trouel,ftrouelm@epa.gov,M,9864103920,$21.26
2020-34687,Bayard Shirer,bshirern@booking.com,M,4857719858,$58.89
2020-25373,Gill Walwood,gwalwoodo@quantcast.com,M,6119009531,$72.63
2020-75938,Dorelle Morison,dmorisonp@dedecms.com,F,5102647099,$48.08
2020-62602,Kalil Scotfurth,kscotfurthq@ning.com,M,8492772783,$15.46
2020-41054,Scott Ofield,sofieldr@umn.edu,M,1276990475,$30.16
2020-85357,Jack Sinkinson,jsinkinsons@toplist.cz,M,3446851350,$70.04
2020-39725,Regan Beckhouse,rbeckhouset@nbcnews.com,F,4064912502,$40.61
2020-22379,Brana Kenny,bkennyu@bbc.co.uk,F,4968002716,$89.66
2020-84160,Remington Molson,rmolsonv@merriam-webster.com,M,8546013002,$49.92
2020-08560,Nappy Dell 'Orto,ndellw@unesco.org,M,7847202644,$0.93
2020-86859,Patten Balcombe,pbalcombex@shinystat.com,M,3489759504,$51.25
2020-39491,Beverie Wollrauch,bwollrauchy@xinhuanet.com,F,4522744135,$53.45
2020-68362,Luci De Brett,ldez@cnn.com,F,8145843291,$43.89
2020-77611,Coriss Fishly,cfishly10@wikimedia.org,F,5465039248,$70.18
2020-40440,Derk Jerche,djerche11@sciencedirect.com,M,9991337183,$92.48
2020-00623,Ellynn Blaiklock,eblaiklock12@seesaa.net,F,3312804796,$28.57
2020-42409,Nellie Duffit,nduffit13@nymag.com,F,1259561505,$94.49
2020-26411,Cyndie Laydon,claydon14@livejournal.com,F,1036763093,$12.49
2020-96540,Colin Korda,ckorda15@theglobeandmail.com,M,8615160155,$84.70
2020-09302,Franni Dufaire,fdufaire16@hibu.com,F,5289126725,$8.82
2020-81105,Sheffy Biever,sbiever17@cnbc.com,M,5798415294,$89.00
2020-15189,Milly MacCartan,mmaccartan18@github.com,F,7648863979,$7.04
2020-27497,Saree Mellon,smellon19@cnn.com,F,7927038289,$15.42
2020-72610,Bald Mewett,bmewett1a@goo.gl,M,3925971914,$56.91
2020-53752,Regan Tees,rtees1b@wikimedia.org,M,7885093763,$59.64
2020-48306,Amabel Vere,avere1c@macromedia.com,F,3649858373,$72.20
2020-83437,Alida Brudenell,abrudenell1d@about.com,F,5096219830,$93.36
2020-53027,Thorny Fellon,tfellon1e@blinklist.com,M,1063431541,$86.57
2020-11177,Zarla Petasch,zpetasch1f@discuz.net,F,3051003628,$54.04
2020-80670,Hercule Tebald,htebald1g@sfgate.com,M,4497845541,$21.78
2020-87609,Roana Medlen,rmedlen1h@elegantthemes.com,F,7217381453,$50.42
2020-04398,Ric Culleton,rculleton1i@sbwire.com,M,6473144417,$33.67
2020-53106,Tamas Matyushkin,tmatyushkin1j@youtu.be,M,4813321841,$82.32
2020-86282,Tabbie Quinnet,tquinnet1k@alexa.com,M,8497082624,$22.92
2020-89088,Gabriell McLaren,gmclaren1l@examiner.com,F,6371884128,$84.84
2020-62006,Hinda Truss,htruss1m@techcrunch.com,F,7608864874,$4.10
2020-61878,Gerta Dreinan,gdreinan1n@squidoo.com,F,5784005633,$73.58
2020-54095,Yardley Le Clercq,yle1o@umn.edu,M,1516414050,$70.22
2020-07059,Clark Janodet,cjanodet1p@omniture.com,M,7276121399,$38.94
2020-40051,Emile Bastow,ebastow1q@washington.edu,M,7242999614,$42.04
2020-21268,Courtenay Newnham,cnewnham1r@etsy.com,F,2583024612,$85.53
2020-09488,Kareem Rany,krany1s@livejournal.com,M,6925363806,$90.92
2020-15834,Adore Stuehmeyer,astuehmeyer1t@parallels.com,F,7608279298,$15.32
2020-37696,Lonny Dysert,ldysert1u@google.ru,M,2734933546,$90.54
2020-07707,Charley Lisciandro,clisciandro1v@jigsy.com,M,6748594087,$10.93
2020-49095,Kare Rosenberg,krosenberg1w@fastcompany.com,F,6773657961,$79.88
2020-71550,Faina Greeno,fgreeno1x@typepad.com,F,8072323503,$4.22
2020-54109,Salaidh Mc Ilwrick,smc1y@umn.edu,F,6034998667,$48.98
2020-68834,Immanuel Baxstare,ibaxstare1z@hatena.ne.jp,M,9822626128,$74.23
2020-49261,Theodora Oakey,toakey20@chronoengine.com,F,8943697049,$52.79
2020-48659,Tadio Matejovsky,tmatejovsky21@etsy.com,M,6812252703,$96.54
2020-38192,Ailina Robinet,arobinet22@mysql.com,F,5666789995,$34.74
2020-24221,Sergei Maneylaws,smaneylaws23@nbcnews.com,M,7486653898,$7.37
2020-78512,Zacharie Tuft,ztuft24@spiegel.de,M,3079922494,$15.78
2020-38139,Libbey Farlowe,lfarlowe25@sphinn.com,F,2763768697,$72.19
2020-68385,Roth MacTrustram,rmactrustram26@discovery.com,M,5848461803,$80.58
2020-18921,Arabela Bonefant,abonefant27@nydailynews.com,F,3241177905,$54.10
2020-48835,Candide Duffin,cduffin28@newsvine.com,F,9104282133,$85.57
2020-89707,Arvy Routley,aroutley29@kickstarter.com,M,8903268240,$74.01
2020-37649,Yorgo Spours,yspours2a@cyberchimps.com,M,5646916775,$82.78
2020-05440,Rayshell Sage,rsage2b@latimes.com,F,5229867001,$17.57
2020-25174,Niki Fulcher,nfulcher2c@constantcontact.com,M,4557617681,$10.30
2020-74053,Feliks Ties,fties2d@zdnet.com,M,5779275019,$7.84
2020-48110,Callida Wrassell,cwrassell2e@list-manage.com,F,7767099835,$60.01
2020-82244,Jerald Beinisch,jbeinisch2f@ftc.gov,M,9796206117,$7.99
2020-85075,Davina Moffett,dmoffett2g@mit.edu,F,5174588742,$58.91
2020-85043,Edlin Van der Velde,evan2h@networksolutions.com,M,1281313939,$71.67
2020-43407,Giralda Brahm,gbrahm2i@istockphoto.com,F,3005213281,$2.52
2020-39054,Felita Galler,fgaller2j@discovery.com,F,9786579800,$49.42
2020-78865,Aldo Ost,aost2k@example.com,M,5638960194,$81.60
2020-95058,Sofie Ovitts,sovitts2l@nbcnews.com,F,7509052726,$75.15
2020-94593,Sybilla Rozet,srozet2m@opera.com,F,1184594846,$10.64
2020-40807,Roxanna Golbourn,rgolbourn2n@stanford.edu,F,8039340521,$35.36
2020-29734,Jonathon Pountney,jpountney2o@spotify.com,M,2482342939,$76.49
2020-36908,Mandel Kits,mkits2p@topsy.com,M,7595332022,$85.19
2020-06934,Patrice Bleythin,pbleythin2q@biglobe.ne.jp,F,1754798354,$74.40
2020-11419,Cornie Blakesley,cblakesley2r@arstechnica.com,M,7065870794,$45.19
